{
    "shoulder_link": [
        [0,0,0.055], [0,0,-0.055], [-0.055,0,0]
    ],
    "upper_arm_link": [
        [0,0,0.055], [0,0,-0.055], [0.055,0,0], [-0.055,0,0]
    ],
    "forearm_link": [
        [-0.012,0,-0.095], [0.012,0,-0.095]
    ],
    "wrist_1_link": [
        [0,0,0.04055], [-0.045,0.02223,0], [-0.0275,0.055,0]
    ],
    "wrist_2_link": [
        [0,0.058,0.02067], [0,-0.0172,-0.05], [0.04,-0.0172,0]
    ],
    "wrist_3_link": [
        [-0.00458,0.0489,0], [-0.04783,0,0], [0,-0.025,0.05], [0.00525,0,0.05628], [0.04535,0.03517,0], [0.053164,0.0171,0]
    ]
}