{
    "shoulder_link": [
        [0.05, 0.16, 0.955], [0.05, 0.16, 0.845], [-0.005, 0.16, 0.9]
    ],
    "upper_arm_link": [
        [0.05, 0.16, 0.955], [0.05, 0.16, 0.845], [0.105, 0, 0], [-0.005, 0, 0]
    ],
    "forearm_link": [
        [0.038, 0.16, 0.805], [0.062, 0.16, 0.805]
    ],
    "wrist_1_link": [
        [0.05, 0.16, 0.94055], [0.005, 0.1823, 0.9], [0.0225, 0.215, 0.9]
    ],
    "wrist_2_link": [
        [0.05, 0.218, 0.92067], [0.05, 0.1428, 0.85], [0.09, 0.1428, 0.9]
    ],
    "wrist_3_link": [
        [0.045, 0.20, 0.9], [0, 0.16, 0.9], [0.05, 0.135, 0.95], [0.05525, 0.16, 0.95628], [0.09535, 0.19517, 0.9], [0.103164, 0.1771, 0.9]
    ]
}